<?xml version="1.0" encoding="UTF-8"?>
<project-private xmlns="http://www.netbeans.org/ns/project-private/1">
    <editor-bookmarks xmlns="http://www.netbeans.org/ns/editor-bookmarks/2" lastBookmarkId="0"/>
    <open-files xmlns="http://www.netbeans.org/ns/projectui-open-files/2">
        <group>
            <file>file:/C:/Users/ProfessorK/Documents/NetBeansProjects/ProjetoTomCat/web/application.jsp</file>
            <file>file:/C:/Users/ProfessorK/Documents/NetBeansProjects/ProjetoTomCat/src/java/br/uff/ic/projeto/UserDAO.java</file>
            <file>file:/C:/Users/ProfessorK/Documents/NetBeansProjects/ProjetoTomCat/web/conteudoMySQL.html</file>
            <file>file:/C:/Users/ProfessorK/Documents/NetBeansProjects/ProjetoTomCat/src/java/br/uff/ic/projeto/LoginServlet.java</file>
            <file>file:/C:/Users/ProfessorK/Documents/NetBeansProjects/ProjetoTomCat/web/login.jsp</file>
            <file>file:/C:/Users/ProfessorK/Documents/NetBeansProjects/ProjetoTomCat/web/invalidLogin.jsp</file>
            <file>file:/C:/Users/ProfessorK/Documents/NetBeansProjects/ProjetoTomCat/web/teste.jsp</file>
            <file>file:/C:/Users/ProfessorK/Documents/NetBeansProjects/ProjetoTomCat/web/include/incCookiesParamsTest.jsp</file>
            <file>file:/C:/Users/ProfessorK/Documents/NetBeansProjects/ProjetoTomCat/src/java/br/uff/ic/projeto/UserBean.java</file>
        </group>
    </open-files>
</project-private>
